"STATION","NAME","LATITUDE","LONGITUDE","ELEVATION","DATE","AWND","PGTM","PRCP","SNOW","SNWD","TAVG","TMAX","TMIN","WDF2","WDF5","WSF2","WSF5","WT01","WT02","WT03","WT04","WT05","WT06","WT08"
"USW00014739","BOSTON MA US","42.3606","-71.0097","3.7","2020-01-01","15.43",,"0.00","0.0",,"39","43","36","  260","  250","29.1","42.1",,,,,,,
"USW00014739","BOSTON MA US","42.3606","-71.0097","3.7","2020-01-02","12.53",,"0.00","0.0",,"40","49","34","  280","  250","21.0","28.0",,,,,,,
"USW00014739","BOSTON MA US","42.3606","-71.0097","3.7","2020-01-03","7.16",,"0.00","0.0",,"47","52","44","  230","  230","17.0","21.0",,,,,,,
"USW00014739","BOSTON MA US","42.3606","-71.0097","3.7","2020-01-04","5.37",,"0.13","0.0",,"47","48","40","  350","  360","14.1","18.1","    1",,,,,,"    1"
"USW00014739","BOSTON MA US","42.3606","-71.0097","3.7","2020-01-05","16.55",,"0.11","0.0",,"39","41","32","  310","  320","31.1","40.9",,,,,,,
"USW00014739","BOSTON MA US","42.3606","-71.0097","3.7","2020-01-06","6.71",,"0.00","0.0",,"33","41","27","  250","  240","21.0","30.0",,,,,,,
"USW00014739","BOSTON MA US","42.3606","-71.0097","3.7","2020-01-07","9.17",,"0.00","0.0",,"38","42","33","  270","  260","21.9","25.9",,,,,,,
"USW00014739","BOSTON MA US","42.3606","-71.0097","3.7","2020-01-08","14.09",,"0.02","0.1",,"38","45","29","  280","  280","30.0","40.0",,,,,,,
"USW00014739","BOSTON MA US","42.3606","-71.0097","3.7","2020-01-09","13.20",,"0.00","0.0",,"29","33","22","  300","  300","25.9","36.0",,,,,,,
"USW00014739","BOSTON MA US","42.3606","-71.0097","3.7","2020-01-10","13.87",,"0.00","0.0",,"38","53","29","  230","  240","29.1","36.0",,,,,,,
"USW00014739","BOSTON MA US","42.3606","-71.0097","3.7","2020-01-11","18.12",,"0.00","0.0",,"57","70","49","  230","  200","38.9","48.1",,,,,,,
"USW00014739","BOSTON MA US","42.3606","-71.0097","3.7","2020-01-12","20.80",,"0.02","0.0",,"66","74","40","  210","  220","36.0","44.1","    1",,,,,,"    1"
"USW00014739","BOSTON MA US","42.3606","-71.0097","3.7","2020-01-13","9.17",,"0.01","0.0",,"41","43","36","   20","   20","17.0","21.0","    1",,,,,,"    1"
"USW00014739","BOSTON MA US","42.3606","-71.0097","3.7","2020-01-14","5.59",,"0.00","0.0",,"39","42","37","   70","  330","8.9","12.1",,,,,,,
"USW00014739","BOSTON MA US","42.3606","-71.0097","3.7","2020-01-15","8.50",,"0.00","0.0",,"44","52","39","  280","  290","18.1","23.0",,,,,,,
"USW00014739","BOSTON MA US","42.3606","-71.0097","3.7","2020-01-16","15.21",,"0.10","0.0",,"42","47","30","  310","  320","33.1","45.0","    1",,,,,,"    1"
"USW00014739","BOSTON MA US","42.3606","-71.0097","3.7","2020-01-17","20.13",,"0.00","0.0",,"25","30","16","  310","  320","31.1","42.1",,,,,,,
"USW00014739","BOSTON MA US","42.3606","-71.0097","3.7","2020-01-18","8.72",,"0.28","3.0",,"18","33","14","  320","  310","19.9","23.9","    1",,,,,,
"USW00014739","BOSTON MA US","42.3606","-71.0097","3.7","2020-01-19","13.42",,"0.02","0.0",,"33","45","24","  280","  260","25.1","33.1","    1",,,,,"    1","    1"
"USW00014739","BOSTON MA US","42.3606","-71.0097","3.7","2020-01-20","13.87",,"0.00","0.0",,"26","30","19","  320","  330","23.0","30.0",,,,,,,
"USW00014739","BOSTON MA US","42.3606","-71.0097","3.7","2020-01-21","7.61",,"0.00","0.0",,"23","28","18","  330","  320","18.1","23.0",,,,,,,
"USW00014739","BOSTON MA US","42.3606","-71.0097","3.7","2020-01-22","4.92",,"0.00","0.0",,"29","39","20","  220","  250","13.0","15.0",,,,,,,
"USW00014739","BOSTON MA US","42.3606","-71.0097","3.7","2020-01-23","7.38",,"0.00","0.0",,"36","50","26","  220","  220","16.1","19.0",,,,,,,
"USW00014739","BOSTON MA US","42.3606","-71.0097","3.7","2020-01-24","6.93",,"0.00","0.0",,"41","48","34","   40","   30","14.1","16.1",,,,,,,
"USW00014739","BOSTON MA US","42.3606","-71.0097","3.7","2020-01-25","14.09",,"0.70","0.0",,"42","50","40","  100","  110","28.0","38.0","    1",,,,,,"    1"
"USW00014739","BOSTON MA US","42.3606","-71.0097","3.7","2020-01-26","12.53",,"0.00","0.0",,"47","51","40","  260","  270","23.0","30.0",,,,,,,
"USW00014739","BOSTON MA US","42.3606","-71.0097","3.7","2020-01-27","12.30",,"0.00","0.0",,"42","48","39","  300","  300","21.0","25.1",,,,,,,
"USW00014739","BOSTON MA US","42.3606","-71.0097","3.7","2020-01-28","12.97",,"0.00","0.0",,"41","42","36","  320","  330","19.9","23.9",,,,,,,
"USW00014739","BOSTON MA US","42.3606","-71.0097","3.7","2020-01-29","10.51",,"0.00","0.0",,"37","43","29","  310","  320","17.0","23.0",,,,,,,
"USW00014739","BOSTON MA US","42.3606","-71.0097","3.7","2020-01-30","7.61",,"0.00","0.0",,"29","33","22","  350","  330","14.1","18.1",,,,,,,
"USW00014739","BOSTON MA US","42.3606","-71.0097","3.7","2020-01-31","8.95",,"0.00","0.0",,"35","47","29","  230","  260","16.1","21.9",,,,,,,
"USW00014739","BOSTON MA US","42.3606","-71.0097","3.7","2020-02-01","4.47",,"0.02","0.0",,"38","41","34","  330","  340","8.9","10.1","    1",,,,,,"    1"
"USW00014739","BOSTON MA US","42.3606","-71.0097","3.7","2020-02-02","6.93",,"0.00","0.0",,"39","44","36","  270","  310","15.0","21.0",,,,,,,
"USW00014739","BOSTON MA US","42.3606","-71.0097","3.7","2020-02-03","9.62",,"0.00","0.0",,"41","50","35","  260","  260","21.0","25.9",,,,,,,
"USW00014739","BOSTON MA US","42.3606","-71.0097","3.7","2020-02-04","3.13",,"0.00","0.0",,"42","47","35","  190","  190","13.0","14.1",,,,,,,
"USW00014739","BOSTON MA US","42.3606","-71.0097","3.7","2020-02-05","6.26",,"0.05","0.0",,"41","43","33","  330","  360","13.0","18.1",,,,"    1",,,
"USW00014739","BOSTON MA US","42.3606","-71.0097","3.7","2020-02-06","12.30",,"0.44","0.3",,"37","41","34","   80","   90","23.0","29.1","    1",,,"    1",,,"    1"
"USW00014739","BOSTON MA US","42.3606","-71.0097","3.7","2020-02-07","14.99",,"0.32","0.0",,"40","56","30","  240","  290","40.9","55.9","    1",,,,,,
"USW00014739","BOSTON MA US","42.3606","-71.0097","3.7","2020-02-08","16.55",,"0.00","0.0",,"31","37","25","  280","  250","29.1","36.9",,,,,,,
"USW00014739","BOSTON MA US","42.3606","-71.0097","3.7","2020-02-09","7.38",,"0.00","0.0",,"27","38","20","  170","  170","17.0","21.9",,,,,,,
"USW00014739","BOSTON MA US","42.3606","-71.0097","3.7","2020-02-10","13.42",,"0.16","0.0",,"42","47","38","  220","  230","23.9","32.0",,,,,,,
"USW00014739","BOSTON MA US","42.3606","-71.0097","3.7","2020-02-11","6.26",,"0.17","0.0",,"43","45","40","   90","   50","16.1","21.9","    1",,,,,,"    1"
"USW00014739","BOSTON MA US","42.3606","-71.0097","3.7","2020-02-12","11.41",,"0.00","0.0",,"41","45","37","  270","  300","19.9","27.1",,,,,,,
"USW00014739","BOSTON MA US","42.3606","-71.0097","3.7","2020-02-13","6.71",,"0.53","0.2",,"39","41","35","  220","  230","23.9","29.1","    1",,,"    1",,,"    1"
"USW00014739","BOSTON MA US","42.3606","-71.0097","3.7","2020-02-14","14.32",,"0.00","0.0",,"33","40","15","  330","  320","23.9","32.0",,,,,,,
"USW00014739","BOSTON MA US","42.3606","-71.0097","3.7","2020-02-15","10.29",,"0.00","0.0",,"19","31","12","  210","  210","21.9","25.9",,,,,,,
"USW00014739","BOSTON MA US","42.3606","-71.0097","3.7","2020-02-16","11.18",,"0.00","0.0",,"35","46","29","  220","  200","25.1","31.1",,,,,,,
"USW00014739","BOSTON MA US","42.3606","-71.0097","3.7","2020-02-17","8.72",,"0.00","0.0",,"42","49","31","  260","  300","17.0","23.0",,,,,,,
"USW00014739","BOSTON MA US","42.3606","-71.0097","3.7","2020-02-18","10.74",,"0.45","0.0",,"37","42","31","  120","  140","19.9","23.0",,,,,,,
"USW00014739","BOSTON MA US","42.3606","-71.0097","3.7","2020-02-19","14.99",,"0.00","0.0",,"43","46","32","  290","  290","30.0","40.9",,,,,,,
"USW00014739","BOSTON MA US","42.3606","-71.0097","3.7","2020-02-20","11.86",,"0.00","0.0",,"32","37","24","  280","  290","21.0","27.1",,,,,,,
"USW00014739","BOSTON MA US","42.3606","-71.0097","3.7","2020-02-21","10.07",,"0.00","0.0",,"26","33","17","  330","  310","17.0","21.9",,,,,,,
"USW00014739","BOSTON MA US","42.3606","-71.0097","3.7","2020-02-22","11.63",,"0.00","0.0",,"36","49","29","  260","  280","19.9","25.1",,,,,,,
"USW00014739","BOSTON MA US","42.3606","-71.0097","3.7","2020-02-23","8.95",,"0.00","0.0",,"44","58","34","  240","  220","16.1","21.0",,,,,,,
"USW00014739","BOSTON MA US","42.3606","-71.0097","3.7","2020-02-24","8.95",,"0.00","0.0",,"48","64","35","  200","  200","19.9","23.9",,,,,,,
"USW00014739","BOSTON MA US","42.3606","-71.0097","3.7","2020-02-25","5.37",,"0.26","0.0",,"47","53","43","   80","   90","12.1","13.0","    1",,,,,,
"USW00014739","BOSTON MA US","42.3606","-71.0097","3.7","2020-02-26","9.40",,"0.15","0.0",,"46","48","44","   60","   60","17.0","21.0","    1","    1",,,,,"    1"
"USW00014739","BOSTON MA US","42.3606","-71.0097","3.7","2020-02-27","22.59",,"0.75","0.0",,"45","55","33","  260","  260","36.9","53.9","    1",,,,,,
"USW00014739","BOSTON MA US","42.3606","-71.0097","3.7","2020-02-28","15.43",,"0.00","0.0",,"34","38","28","  250","  260","30.0","36.9",,,,,,,
"USW00014739","BOSTON MA US","42.3606","-71.0097","3.7","2020-02-29","12.30",,"0.00","0.0",,"31","35","22","  300","  300","21.9","28.0",,,,,,,
"USW00014739","BOSTON MA US","42.3606","-71.0097","3.7","2020-03-01","12.30",,"0.00","0.0",,"25","33","19","  290","  320","19.9","25.1",,,,,,,
"USW00014739","BOSTON MA US","42.3606","-71.0097","3.7","2020-03-02","11.63",,"0.00","0.0",,"35","52","23","  190","  180","23.9","30.0",,,,,,,
"USW00014739","BOSTON MA US","42.3606","-71.0097","3.7","2020-03-03","11.18",,"0.03","0.0",,"50","59","46","  190","  170","21.0","29.1","    1",,,,,,
"USW00014739","BOSTON MA US","42.3606","-71.0097","3.7","2020-03-04","19.69",,"0.03","0.0",,"47","50","41","  270","  270","36.0","49.0",,,,,,,
"USW00014739","BOSTON MA US","42.3606","-71.0097","3.7","2020-03-05","10.74",,"0.00","0.0",,"44","51","37","  320","  300","23.0","31.1",,,,,,,
"USW00014739","BOSTON MA US","42.3606","-71.0097","3.7","2020-03-06","13.87",,"0.00","0.0",,"39","44","32","   30","   30","38.0","45.0",,,,,,,
"USW00014739","BOSTON MA US","42.3606","-71.0097","3.7","2020-03-07","20.13",,"0.00","0.0",,"36","45","29","   30","   30","36.9","45.0",,,,,,,
"USW00014739","BOSTON MA US","42.3606","-71.0097","3.7","2020-03-08","10.51",,"0.00","0.0",,"40","53","31","  260","  250","17.0","21.9",,,,,,,
"USW00014739","BOSTON MA US","42.3606","-71.0097","3.7","2020-03-09","13.42",,"0.00","0.0",,"55","72","42","  230","  220","23.0","29.1",,,,,,,
"USW00014739","BOSTON MA US","42.3606","-71.0097","3.7","2020-03-10","11.41",,"0.00","0.0",,"52","66","40","  230","  220","30.0","40.0","    1",,,,,,"    1"
"USW00014739","BOSTON MA US","42.3606","-71.0097","3.7","2020-03-11","9.17",,"0.00","0.0",,"50","59","37","  330","  330","23.9","29.1",,,,,,,
"USW00014739","BOSTON MA US","42.3606","-71.0097","3.7","2020-03-12","9.62",,"0.00","0.0",,"40","43","34","   70","   70","17.0","19.0",,,,,,,
"USW00014739","BOSTON MA US","42.3606","-71.0097","3.7","2020-03-13","16.33",,"0.29","0.0",,"46","62","40","  290","  300","33.1","45.0","    1",,,,,,
"USW00014739","BOSTON MA US","42.3606","-71.0097","3.7","2020-03-14","15.88",,"0.00","0.0",,"46","53","38","  270","  250","23.0","33.1",,,,,,,
"USW00014739","BOSTON MA US","42.3606","-71.0097","3.7","2020-03-15","10.51",,"0.00","0.0",,"40","43","30","  320","  320","21.0","27.1",,,,,,,
"USW00014739","BOSTON MA US","42.3606","-71.0097","3.7","2020-03-16","12.08",,"0.00","0.0",,"32","35","24","  120","  110","18.1","21.9",,,,,,,
"USW00014739","BOSTON MA US","42.3606","-71.0097","3.7","2020-03-17","8.95",,"0.03","0.0",,"36","45","31","  150","  290","16.1","21.0","    1",,,,,,"    1"
"USW00014739","BOSTON MA US","42.3606","-71.0097","3.7","2020-03-18","9.40",,"0.00","0.0",,"43","51","37","  110","  180","18.1","19.9",,,,,,,
"USW00014739","BOSTON MA US","42.3606","-71.0097","3.7","2020-03-19","13.20",,"0.56","0.0",,"41","42","39","   30","   90","23.0","29.1","    1",,,,,,
"USW00014739","BOSTON MA US","42.3606","-71.0097","3.7","2020-03-20","15.66",,"0.02","0.0",,"48","68","38","  240","  220","23.9","44.1","    1",,,,,,
"USW00014739","BOSTON MA US","42.3606","-71.0097","3.7","2020-03-21","14.09",,"0.00","0.0",,"49","57","31","  290","  290","25.9","36.9",,,,,,,
"USW00014739","BOSTON MA US","42.3606","-71.0097","3.7","2020-03-22","11.41",,"0.00","0.0",,"31","33","25","   20","   20","17.0","21.9",,,,,,,
"USW00014739","BOSTON MA US","42.3606","-71.0097","3.7","2020-03-23","15.21",,"1.38","0.0",,"33","41","28","   90","   90","29.1","36.0","    1",,,,,,"    1"
"USW00014739","BOSTON MA US","42.3606","-71.0097","3.7","2020-03-24","12.08",,"0.35","0.0",,"40","49","34","   10","  360","30.0","35.1","    1",,,,,,
"USW00014739","BOSTON MA US","42.3606","-71.0097","3.7","2020-03-25","13.87",,"0.00","0.0",,"40","43","37","   70","   50","21.0","25.1",,,,,,,
"USW00014739","BOSTON MA US","42.3606","-71.0097","3.7","2020-03-26","11.41",,"0.00","0.0",,"39","46","32","   20","   30","17.0","21.0",,,,,,,
"USW00014739","BOSTON MA US","42.3606","-71.0097","3.7","2020-03-27","12.75",,"0.01","0.0",,"51","61","43","  320","  290","25.9","35.1",,,,,,,
"USW00014739","BOSTON MA US","42.3606","-71.0097","3.7","2020-03-28","6.49",,"0.08","0.0",,"45","48","36","  190","  190","16.1","19.9",,,,,,,
"USW00014739","BOSTON MA US","42.3606","-71.0097","3.7","2020-03-29","16.11",,"0.74","0.0",,"42","43","39","   50","   90","23.9","30.0","    1",,"    1",,"    1",,"    1"
"USW00014739","BOSTON MA US","42.3606","-71.0097","3.7","2020-03-30","15.43",,"0.08","0.0",,"40","43","37","   40","   40","23.0","29.1","    1",,,,,,
"USW00014739","BOSTON MA US","42.3606","-71.0097","3.7","2020-03-31","12.30",,"0.00","0.0",,"36","40","33","   30","   50","19.9","23.9","    1",,,,,,
"USW00014739","BOSTON MA US","42.3606","-71.0097","3.7","2020-04-01","12.08",,"0.00","0.0",,"36","43","31","   30","  360","21.9","27.1",,,,,,,
"USW00014739","BOSTON MA US","42.3606","-71.0097","3.7","2020-04-02","17.67",,"0.13","0.0",,"42","47","39","  310","  320","25.9","36.9","    1",,,,,,
"USW00014739","BOSTON MA US","42.3606","-71.0097","3.7","2020-04-03","25.50",,"0.83","0.0",,"43","45","41","   30","   30","38.0","49.0","    1",,,,,,
"USW00014739","BOSTON MA US","42.3606","-71.0097","3.7","2020-04-04","13.20",,"0.04","0.0",,"41","44","39","   30","   30","30.0","36.0","    1",,,,,,
"USW00014739","BOSTON MA US","42.3606","-71.0097","3.7","2020-04-05","8.28",,"0.00","0.0",,"43","54","39","  110","  200","16.1","18.1",,,,,,,
"USW00014739","BOSTON MA US","42.3606","-71.0097","3.7","2020-04-06","10.29",,"0.00","0.0",,"50","62","44","  330","  330","19.9","23.0",,,,,,,
"USW00014739","BOSTON MA US","42.3606","-71.0097","3.7","2020-04-07","8.72",,"0.00","0.0",,"52","62","46","  240","  290","18.1","23.0",,,,,,,
"USW00014739","BOSTON MA US","42.3606","-71.0097","3.7","2020-04-08","7.16",,"0.07","0.0",,"46","48","42","   30","   30","14.1","17.0","    1",,,,,,
"USW00014739","BOSTON MA US","42.3606","-71.0097","3.7","2020-04-09","14.09",,"0.64","0.0",,"44","48","41","  270","  280","33.1","44.1","    1",,"    1",,,,
"USW00014739","BOSTON MA US","42.3606","-71.0097","3.7","2020-04-10","18.12",,"0.01","0.0",,"43","48","38","  340","  250","29.1","38.0",,,,,,,
"USW00014739","BOSTON MA US","42.3606","-71.0097","3.7","2020-04-11","15.21",,"0.00","0.0",,"44","52","37","  290","  300","23.9","32.0",,,,,,,
"USW00014739","BOSTON MA US","42.3606","-71.0097","3.7","2020-04-12","10.74",,"0.00","0.0",,"47","60","35","  190","  190","25.1","31.1",,,,,,,
"USW00014739","BOSTON MA US","42.3606","-71.0097","3.7","2020-04-13","22.37",,"0.56","0.0",,"55","60","51","  190","  190","47.0","59.1","    1",,,,,,
"USW00014739","BOSTON MA US","42.3606","-71.0097","3.7","2020-04-14","10.29",,"0.00","0.0",,"53","58","45","  290","  280","23.9","33.1",,,,,,,
"USW00014739","BOSTON MA US","42.3606","-71.0097","3.7","2020-04-15","9.62",,"0.00","0.0",,"47","53","38","  270","  280","25.1","36.0",,,,,,,
"USW00014739","BOSTON MA US","42.3606","-71.0097","3.7","2020-04-16","12.30",,"0.00","0.0",,"42","47","34","  290","  290","23.0","32.0",,,,,,,
"USW00014739","BOSTON MA US","42.3606","-71.0097","3.7","2020-04-17","14.32",,"0.01","0.0",,"41","49","34","  250","  280","21.9","29.1",,,,,,,
"USW00014739","BOSTON MA US","42.3606","-71.0097","3.7","2020-04-18","10.29",,"0.67","0.7",,"38","41","32","   30","   30","21.0","23.0","    1",,,,,,
"USW00014739","BOSTON MA US","42.3606","-71.0097","3.7","2020-04-19","14.99",,"0.00","0.0",,"46","61","37","  220","  210","29.1","36.0",,,,,,,
"USW00014739","BOSTON MA US","42.3606","-71.0097","3.7","2020-04-20","9.40",,"0.00","0.0",,"48","51","38","   80","   90","21.0","23.0",,,,,,,
"USW00014739","BOSTON MA US","42.3606","-71.0097","3.7","2020-04-21","16.55",,"0.33","0.0",,"43","54","34","  180","  180","35.1","42.1","    1",,,,,,
"USW00014739","BOSTON MA US","42.3606","-71.0097","3.7","2020-04-22","19.69",,"0.00","0.0",,"39","44","34","  280","  260","30.0","40.9",,,,,,,
"USW00014739","BOSTON MA US","42.3606","-71.0097","3.7","2020-04-23","12.53",,"0.00","0.0",,"42","55","34","  260","  280","16.1","23.0",,,,,,,
"USW00014739","BOSTON MA US","42.3606","-71.0097","3.7","2020-04-24","9.17",,"0.21","0.0",,"44","45","39","   30","   30","21.0","25.9","    1",,,,,,
"USW00014739","BOSTON MA US","42.3606","-71.0097","3.7","2020-04-25","7.61",,"0.00","0.0",,"45","53","37","  200","  190","17.0","21.0",,,,,,,
"USW00014739","BOSTON MA US","42.3606","-71.0097","3.7","2020-04-26","14.99",,"0.22","0.0",,"45","47","41","   40","   30","36.9","48.1","    1",,,,,,
"USW00014739","BOSTON MA US","42.3606","-71.0097","3.7","2020-04-27","22.82",,"0.60","0.0",,"41","42","37","   40","   30","36.9","46.1","    1",,,,,,
"USW00014739","BOSTON MA US","42.3606","-71.0097","3.7","2020-04-28","10.29",,"0.01","0.0",,"40","44","38","   10","   10","21.0","27.1",,,,,,,
"USW00014739","BOSTON MA US","42.3606","-71.0097","3.7","2020-04-29","9.84",,"0.00","0.0",,"44","49","38","   90","   90","17.0","21.0",,,,,,,
"USW00014739","BOSTON MA US","42.3606","-71.0097","3.7","2020-04-30","13.20",,"0.00","0.0",,"45","50","44","  110","  100","23.0","28.0","    1",,,,,,
"USW00014739","BOSTON MA US","42.3606","-71.0097","3.7","2020-05-01","8.95",,"0.79","0.0",,"52","62","48","  100","  320","21.0","23.9","    1",,,,,,
"USW00014739","BOSTON MA US","42.3606","-71.0097","3.7","2020-05-02","12.97",,"0.01","0.0",,"57","70","46","  310","  320","25.1","35.1",,,,,,,
"USW00014739","BOSTON MA US","42.3606","-71.0097","3.7","2020-05-03","10.07",,"0.00","0.0",,"64","78","53","  210","  220","21.0","25.9",,,,,,,
"USW00014739","BOSTON MA US","42.3606","-71.0097","3.7","2020-05-04","11.86",,"0.00","0.0",,"63","70","48","  320","  330","25.9","32.0",,,,,,,
"USW00014739","BOSTON MA US","42.3606","-71.0097","3.7","2020-05-05","12.97",,"0.00","0.0",,"51","58","44","  320","  340","21.9","34.0",,,,,,,
"USW00014739","BOSTON MA US","42.3606","-71.0097","3.7","2020-05-06","9.17",,"0.01","0.0",,"47","51","41","  120","  110","17.0","23.9",,,,,,,
"USW00014739","BOSTON MA US","42.3606","-71.0097","3.7","2020-05-07","9.40",,"0.00","0.0",,"51","64","42","  240","  240","21.9","29.1",,,,,,,
"USW00014739","BOSTON MA US","42.3606","-71.0097","3.7","2020-05-08","11.86",,"0.25","0.0",,"52","57","43","  220","  220","23.0","34.0","    1",,,,,,
"USW00014739","BOSTON MA US","42.3606","-71.0097","3.7","2020-05-09","19.69",,"0.12","0.0",,"41","44","36","  280","  270","33.1","47.0","    1",,,,,,
"USW00014739","BOSTON MA US","42.3606","-71.0097","3.7","2020-05-10","14.76",,"0.00","0.0",,"44","60","34","  260","  280","29.1","36.9",,,,,,,
"USW00014739","BOSTON MA US","42.3606","-71.0097","3.7","2020-05-11","11.86",,"0.23","0.0",,"52","62","44","  180","  230","28.0","36.9",,,,,,,"    1"
"USW00014739","BOSTON MA US","42.3606","-71.0097","3.7","2020-05-12","15.66",,"0.00","0.0",,"48","56","41","  270","  280","23.0","32.0",,,,,,,
"USW00014739","BOSTON MA US","42.3606","-71.0097","3.7","2020-05-13","12.75",,"0.00","0.0",,"48","60","37","  270","  270","25.1","35.1",,,,,,,
"USW00014739","BOSTON MA US","42.3606","-71.0097","3.7","2020-05-14","11.18",,"0.00","0.0",,"57","69","45","  210","  260","19.9","27.1",,,,,,,
"USW00014739","BOSTON MA US","42.3606","-71.0097","3.7","2020-05-15","10.96",,"0.67","0.0",,"60","74","51","  310","  320","30.0","40.0","    1",,"    1",,,,
"USW00014739","BOSTON MA US","42.3606","-71.0097","3.7","2020-05-16","12.97",,"0.04","0.0",,"63","68","49","  330","  320","23.9","34.0",,,,,,,
"USW00014739","BOSTON MA US","42.3606","-71.0097","3.7","2020-05-17","8.50",,"0.00","0.0",,"54","63","49","  110","  220","17.0","19.9",,,,,,,
"USW00014739","BOSTON MA US","42.3606","-71.0097","3.7","2020-05-18","8.28",,"0.00","0.0",,"54","58","47","   80","   80","16.1","18.1",,,,,,,
"USW00014739","BOSTON MA US","42.3606","-71.0097","3.7","2020-05-19","12.30",,"0.00","0.0",,"51","55","47","   50","   50","23.9","31.1",,,,,,,
"USW00014739","BOSTON MA US","42.3606","-71.0097","3.7","2020-05-20","8.50",,"0.00","0.0",,"51","58","45","  100","  120","14.1","16.1",,,,,,,
"USW00014739","BOSTON MA US","42.3606","-71.0097","3.7","2020-05-21","11.18",,"0.00","0.0",,"58","77","45","  200","  200","21.0","27.1",,,,,,,
"USW00014739","BOSTON MA US","42.3606","-71.0097","3.7","2020-05-22","14.09",,"0.00","0.0",,"67","82","54","  210","  240","21.0","28.0",,,,,,,
"USW00014739","BOSTON MA US","42.3606","-71.0097","3.7","2020-05-23","15.43",,"0.00","0.0",,"62","72","47","   50","   50","29.1","36.9",,,,,,,
"USW00014739","BOSTON MA US","42.3606","-71.0097","3.7","2020-05-24","11.86",,"0.00","0.0",,"50","54","44","   70","   70","19.9","23.0",,,,,,,
"USW00014739","BOSTON MA US","42.3606","-71.0097","3.7","2020-05-25","6.49",,"0.00","0.0",,"50","55","48","   80","   80","12.1","14.1","    1","    1",,,,,
"USW00014739","BOSTON MA US","42.3606","-71.0097","3.7","2020-05-26","6.71",,"0.00","0.0",,"56","70","50","   90","   90","16.1","19.0","    1","    1",,,,,"    1"
"USW00014739","BOSTON MA US","42.3606","-71.0097","3.7","2020-05-27","11.63",,"0.00","0.0",,"70","83","60","  200","  190","19.9","25.1",,,,,,,
"USW00014739","BOSTON MA US","42.3606","-71.0097","3.7","2020-05-28","13.65",,"0.00","0.0",,"71","78","64","  220","  220","21.0","25.1",,,,,,,
"USW00014739","BOSTON MA US","42.3606","-71.0097","3.7","2020-05-29","16.33",,"0.00","0.0",,"73","81","66","  220","  220","29.1","40.0","    1",,,,,,
"USW00014739","BOSTON MA US","42.3606","-71.0097","3.7","2020-05-30","11.41",,"0.09","0.0",,"73","80","65","  300","  290","21.0","28.0","    1",,,,,,
"USW00014739","BOSTON MA US","42.3606","-71.0097","3.7","2020-05-31","14.76",,"0.00","0.0",,"65","68","50","  330","  320","23.9","32.0",,,,,,,
"USW00014739","BOSTON MA US","42.3606","-71.0097","3.7","2020-06-01","10.96",,"0.00","0.0",,"56","64","47","  300","  310","21.0","28.0",,,,,,,
"USW00014739","BOSTON MA US","42.3606","-71.0097","3.7","2020-06-02","8.50",,"0.02","0.0",,"56","64","49","  110","  110","19.9","21.0",,,,,,,
"USW00014739","BOSTON MA US","42.3606","-71.0097","3.7","2020-06-03","7.38",,"0.01","0.0",,"65","80","55","  270","  260","18.1","23.0",,,,,,,
"USW00014739","BOSTON MA US","42.3606","-71.0097","3.7","2020-06-04","8.50",,"0.00","0.0",,"74","89","59","  230","  190","18.1","23.0","    1",,,,,,
"USW00014739","BOSTON MA US","42.3606","-71.0097","3.7","2020-06-05","11.41",,"0.16","0.0",,"72","81","64","  230","  220","21.0","27.1","    1",,"    1",,,,"    1"
"USW00014739","BOSTON MA US","42.3606","-71.0097","3.7","2020-06-06","10.51",,"0.14","0.0",,"75","89","62","  270","  300","21.9","32.0",,,"    1",,,,
"USW00014739","BOSTON MA US","42.3606","-71.0097","3.7","2020-06-07","9.84",,"0.00","0.0",,"62","65","57","  330","  330","19.9","25.9",,,,,,,
"USW00014739","BOSTON MA US","42.3606","-71.0097","3.7","2020-06-08","8.28",,"0.00","0.0",,"66","79","55","  310","  320","17.0","23.9",,,,,,,
"USW00014739","BOSTON MA US","42.3606","-71.0097","3.7","2020-06-09","5.59",,"0.00","0.0",,"67","80","60","  110","  230","13.0","15.0",,,,,,,
"USW00014739","BOSTON MA US","42.3606","-71.0097","3.7","2020-06-10","9.62",,"0.00","0.0",,"62","66","58","   60","   50","19.9","23.0","    1","    1",,,,,
"USW00014739","BOSTON MA US","42.3606","-71.0097","3.7","2020-06-11","13.65",,"0.74","0.0",,"67","76","62","  200","  210","23.9","33.1","    1",,,,,,
"USW00014739","BOSTON MA US","42.3606","-71.0097","3.7","2020-06-12","8.95",,"0.00","0.0",,"73","84","65","  290","  300","19.9","27.1","    1",,,,,,
"USW00014739","BOSTON MA US","42.3606","-71.0097","3.7","2020-06-13","11.18",,"0.00","0.0",,"66","68","57","  100","   90","17.0","21.0",,,,,,,
"USW00014739","BOSTON MA US","42.3606","-71.0097","3.7","2020-06-14","10.51",,"0.00","0.0",,"60","66","53","   80","   90","16.1","21.0",,,,,,,
"USW00014739","BOSTON MA US","42.3606","-71.0097","3.7","2020-06-15","7.61",,"0.00","0.0",,"59","65","55","   90","   80","16.1","19.9",,,,,,,
"USW00014739","BOSTON MA US","42.3606","-71.0097","3.7","2020-06-16","6.49",,"0.00","0.0",,"62","70","55","  130","  110","13.0","17.0",,,,,,,
"USW00014739","BOSTON MA US","42.3606","-71.0097","3.7","2020-06-17","7.83",,"0.00","0.0",,"64","73","56","  110","  210","17.0","19.0",,,,,,,
"USW00014739","BOSTON MA US","42.3606","-71.0097","3.7","2020-06-18","9.84",,"0.00","0.0",,"72","88","62","  240","  240","17.0","23.0",,,,,,,
"USW00014739","BOSTON MA US","42.3606","-71.0097","3.7","2020-06-19","11.86",,"0.00","0.0",,"77","87","68","  180","  230","17.0","21.0",,,,,,,
"USW00014739","BOSTON MA US","42.3606","-71.0097","3.7","2020-06-20","9.62",,"0.00","0.0",,"79","92","69","  220","  220","18.1","23.9",,,,,,,
"USW00014739","BOSTON MA US","42.3606","-71.0097","3.7","2020-06-21","8.05",,"0.00","0.0",,"78","87","67","  170","  170","18.1","21.9",,,"    1",,,,
"USW00014739","BOSTON MA US","42.3606","-71.0097","3.7","2020-06-22","7.83",,"0.00","0.0",,"67","71","62","   90","  100","15.0","18.1","    1","    1",,,,,"    1"
"USW00014739","BOSTON MA US","42.3606","-71.0097","3.7","2020-06-23","9.84",,"0.00","0.0",,"72","88","63","  180","  180","19.9","23.0","    1",,,,,,
"USW00014739","BOSTON MA US","42.3606","-71.0097","3.7","2020-06-24","9.84",,"0.01","0.0",,"76","86","68","  200","  200","19.9","25.1","    1",,,,,,
"USW00014739","BOSTON MA US","42.3606","-71.0097","3.7","2020-06-25","9.40",,"0.00","0.0",,"77","86","69","  230","  230","15.0","23.0",,,,,,,
"USW00014739","BOSTON MA US","42.3606","-71.0097","3.7","2020-06-26","9.62",,"0.00","0.0",,"76","86","67","  190","  120","18.1","25.1",,,"    1",,,,
"USW00014739","BOSTON MA US","42.3606","-71.0097","3.7","2020-06-27","5.82",,"0.02","0.0",,"74","83","65","  190","  240","13.0","19.9",,,,,,,
"USW00014739","BOSTON MA US","42.3606","-71.0097","3.7","2020-06-28","6.93",,"1.19","0.0",,"70","81","64","   30","   20","19.9","23.9","    1",,"    1",,,,
"USW00014739","BOSTON MA US","42.3606","-71.0097","3.7","2020-06-29","6.71",,"0.19","0.0",,"67","73","63","   50","   50","17.0","19.9","    1",,"    1",,,,
"USW00014739","BOSTON MA US","42.3606","-71.0097","3.7","2020-06-30","6.93",,"0.18","0.0",,"64","68","63","   70","  360","13.0","15.0","    1",,,,,,
"USW00014739","BOSTON MA US","42.3606","-71.0097","3.7","2020-07-01","5.59",,"0.07","0.0",,"66","72","63","   90","   90","15.0","17.0","    1",,,,,,
"USW00014739","BOSTON MA US","42.3606","-71.0097","3.7","2020-07-02","6.93",,"0.00","0.0",,"71","85","64","  270","  280","21.0","25.9","    1","    1","    1",,,,
"USW00014739","BOSTON MA US","42.3606","-71.0097","3.7","2020-07-03","12.30",,"0.00","0.0",,"72","77","62","   30","   40","19.9","23.0","    1",,,,,,"    1"
"USW00014739","BOSTON MA US","42.3606","-71.0097","3.7","2020-07-04","8.05",,"0.00","0.0",,"65","70","61","  100","   90","13.0","17.0","    1",,,,,,
"USW00014739","BOSTON MA US","42.3606","-71.0097","3.7","2020-07-05","7.61",,"0.11","0.0",,"69","79","64","  300","  310","18.1","21.9","    1",,"    1",,,,
"USW00014739","BOSTON MA US","42.3606","-71.0097","3.7","2020-07-06","8.95",,"0.00","0.0",,"68","70","63","   90","   90","17.0","19.9","    1",,,,,,
"USW00014739","BOSTON MA US","42.3606","-71.0097","3.7","2020-07-07","9.62",,"0.00","0.0",,"68","80","62","  210","  210","21.0","23.9",,,,,,,
"USW00014739","BOSTON MA US","42.3606","-71.0097","3.7","2020-07-08","12.30",,"0.00","0.0",,"74","85","67","  220","  210","23.0","29.1",,,,,,,
"USW00014739","BOSTON MA US","42.3606","-71.0097","3.7","2020-07-09","9.17",,"0.00","0.0",,"78","86","72","  110","  100","16.1","19.0",,,,,,,
"USW00014739","BOSTON MA US","42.3606","-71.0097","3.7","2020-07-10","10.96",,"0.00","0.0",,"74","78","69","  110","  110","21.0","23.9","    1",,,,,,"    1"
"USW00014739","BOSTON MA US","42.3606","-71.0097","3.7","2020-07-11","15.66",,"0.01","0.0",,"77","89","69","  190","  190","23.9","31.1",,,,,,,
"USW00014739","BOSTON MA US","42.3606","-71.0097","3.7","2020-07-12","14.32",,"0.00","0.0",,"80","89","72","  220","  230","23.0","28.0",,,,,,,
"USW00014739","BOSTON MA US","42.3606","-71.0097","3.7","2020-07-13","7.83",,"0.07","0.0",,"78","85","69","  180","  180","21.9","27.1",,,"    1",,,,
"USW00014739","BOSTON MA US","42.3606","-71.0097","3.7","2020-07-14","8.95",,"0.62","0.0",,"71","76","66","   50","   50","25.1","29.1","    1",,"    1",,,,
"USW00014739","BOSTON MA US","42.3606","-71.0097","3.7","2020-07-15","8.95",,"0.07","0.0",,"66","70","62","   90","   90","16.1","19.0","    1",,,,,,
"USW00014739","BOSTON MA US","42.3606","-71.0097","3.7","2020-07-16","8.95",,"0.00","0.0",,"65","69","60","  110","  120","25.9","35.1",,,,,,,
"USW00014739","BOSTON MA US","42.3606","-71.0097","3.7","2020-07-17","9.40",,"0.11","0.0",,"64","74","59","  220","  230","18.1","23.0","    1",,,,,,
"USW00014739","BOSTON MA US","42.3606","-71.0097","3.7","2020-07-18","6.71",,"0.00","0.0",,"77","91","68","  220","  240","15.0","18.1",,,,,,,
"USW00014739","BOSTON MA US","42.3606","-71.0097","3.7","2020-07-19","11.63",,"0.00","0.0",,"82","95","70","  220","  220","21.0","29.1",,,,,,,
"USW00014739","BOSTON MA US","42.3606","-71.0097","3.7","2020-07-20","12.97",,"0.00","0.0",,"82","93","75","  270","  260","21.0","25.9",,,,,,,
"USW00014739","BOSTON MA US","42.3606","-71.0097","3.7","2020-07-21","10.29",,"0.00","0.0",,"83","90","74","  280","  290","18.1","25.1",,,,,,,
"USW00014739","BOSTON MA US","42.3606","-71.0097","3.7","2020-07-22","8.05",,"0.32","0.0",,"75","79","68","   80",,"14.1",,"    1",,"    1",,,,
"USW00014739","BOSTON MA US","42.3606","-71.0097","3.7","2020-07-23","7.83",,"0.57","0.0",,"76","89","68","  280","  300","35.1","47.0","    1",,"    1",,,,
"USW00014739","BOSTON MA US","42.3606","-71.0097","3.7","2020-07-24","7.61",,"0.00","0.0",,"74","79","70","  330","  310","13.0","16.1",,,,,,,
"USW00014739","BOSTON MA US","42.3606","-71.0097","3.7","2020-07-25","6.49",,"0.00","0.0",,"76","84","68","  120","  100","15.0","18.1",,,,,,,
"USW00014739","BOSTON MA US","42.3606","-71.0097","3.7","2020-07-26","12.53",,"0.00","0.0",,"81","91","73","  270","  270","19.9","28.0",,,,,,,
"USW00014739","BOSTON MA US","42.3606","-71.0097","3.7","2020-07-27","11.41",,"0.00","0.0",,"86","95","75","  220","  280","17.0","23.0",,,,,,,
"USW00014739","BOSTON MA US","42.3606","-71.0097","3.7","2020-07-28","11.63",,"0.00","0.0",,"87","95","78","  220","  220","21.0","23.9",,,,,,,
"USW00014739","BOSTON MA US","42.3606","-71.0097","3.7","2020-07-29","10.51",,"0.00","0.0",,"80","87","73","  190","  190","17.0","21.0",,,,,,,
"USW00014739","BOSTON MA US","42.3606","-71.0097","3.7","2020-07-30","7.61",,"0.00","0.0",,"78","87","70","  320","   10","21.9","27.1",,,"    1",,,,"    1"
"USW00014739","BOSTON MA US","42.3606","-71.0097","3.7","2020-07-31","6.93",,"0.00","0.0",,"75","77","68","  330","  320","15.0","18.1",,,,,,,
"USW00014739","BOSTON MA US","42.3606","-71.0097","3.7","2020-08-01","8.05",,"0.00","0.0",,"75","81","69","  100","  120","15.0","19.0",,,,,,,
"USW00014739","BOSTON MA US","42.3606","-71.0097","3.7","2020-08-02","11.41",,"0.07","0.0",,"77","87","70","  180","  180","21.9","25.1",,,,,,,
"USW00014739","BOSTON MA US","42.3606","-71.0097","3.7","2020-08-03","12.75",,"0.00","0.0",,"83","92","73","  220","  220","28.0","36.9",,,,,,,
"USW00014739","BOSTON MA US","42.3606","-71.0097","3.7","2020-08-04","14.32",,"0.17","0.0",,"76","79","70","  170","  170","42.9","53.0","    1",,,,,,
"USW00014739","BOSTON MA US","42.3606","-71.0097","3.7","2020-08-05","12.30",,"0.00","0.0",,"79","92","70","  220","  220","25.1","32.0",,,,,,,
"USW00014739","BOSTON MA US","42.3606","-71.0097","3.7","2020-08-06","6.71",,"0.00","0.0",,"77","84","68","  230","  260","15.0","18.1",,,,,,,
"USW00014739","BOSTON MA US","42.3606","-71.0097","3.7","2020-08-07","6.26",,"0.00","0.0",,"71","76","65","   80","   80","13.0","14.1",,,,,,,
"USW00014739","BOSTON MA US","42.3606","-71.0097","3.7","2020-08-08","6.93",,"0.00","0.0",,"70","78","66","  100","  100","16.1","19.0",,,,,,,
"USW00014739","BOSTON MA US","42.3606","-71.0097","3.7","2020-08-09","9.62",,"0.00","0.0",,"76","91","67","  200","  190","23.9","30.0",,,"    1",,,,
"USW00014739","BOSTON MA US","42.3606","-71.0097","3.7","2020-08-10","8.05",,"0.00","0.0",,"81","94","72","  210","  270","16.1","19.0",,,,,,,
"USW00014739","BOSTON MA US","42.3606","-71.0097","3.7","2020-08-11","10.96",,"0.00","0.0",,"83","94","73","  200","  210","21.9","25.9",,,,,,,
"USW00014739","BOSTON MA US","42.3606","-71.0097","3.7","2020-08-12","7.38",,"0.00","0.0",,"81","93","74","  210","  220","16.1","19.0",,,,,,,
"USW00014739","BOSTON MA US","42.3606","-71.0097","3.7","2020-08-13","7.38",,"0.00","0.0",,"78","84","68","   90","   90","14.1","17.0",,,,,,,
"USW00014739","BOSTON MA US","42.3606","-71.0097","3.7","2020-08-14","8.50",,"0.00","0.0",,"73","80","68","   80","   80","18.1","23.0",,,,,,,"    1"
"USW00014739","BOSTON MA US","42.3606","-71.0097","3.7","2020-08-15","14.09",,"0.00","0.0",,"68","70","64","   30","   20","23.9","30.0",,,,,,,
"USW00014739","BOSTON MA US","42.3606","-71.0097","3.7","2020-08-16","11.63",,"0.16","0.0",,"67","71","64","   60","   30","17.0","23.0","    1",,,,,,
"USW00014739","BOSTON MA US","42.3606","-71.0097","3.7","2020-08-17","11.18",,"0.08","0.0",,"66","71","62","  100","   40","16.1","19.0","    1",,,,,,
"USW00014739","BOSTON MA US","42.3606","-71.0097","3.7","2020-08-18","10.29",,"0.16","0.0",,"73","86","66","  270","  230","18.1","25.9","    1",,"    1",,,,
"USW00014739","BOSTON MA US","42.3606","-71.0097","3.7","2020-08-19","8.05",,"0.06","0.0",,"71","74","64","  310","  290","21.9","29.1","    1",,,,,,
"USW00014739","BOSTON MA US","42.3606","-71.0097","3.7","2020-08-20","8.50",,"0.00","0.0",,"69","81","61","  230","  290","16.1","23.0",,,,,,,
"USW00014739","BOSTON MA US","42.3606","-71.0097","3.7","2020-08-21","11.41",,"0.00","0.0",,"75","89","63","  230","  230","21.0","25.9",,,,,,,
"USW00014739","BOSTON MA US","42.3606","-71.0097","3.7","2020-08-22","7.16",,"0.00","0.0",,"75","79","70","  200","  190","15.0","18.1",,,,,,,
"USW00014739","BOSTON MA US","42.3606","-71.0097","3.7","2020-08-23","8.05",,"1.33","0.0",,"73","89","66","  330","  330","35.1","42.9","    1",,"    1",,"    1",,"    1"
"USW00014739","BOSTON MA US","42.3606","-71.0097","3.7","2020-08-24","7.83",,"0.00","0.0",,"75","87","67","  190","  190","18.1","21.9",,,,,,,
"USW00014739","BOSTON MA US","42.3606","-71.0097","3.7","2020-08-25","12.53",,"0.00","0.0",,"79","89","68","  320","  320","23.0","33.1",,,,,,,
"USW00014739","BOSTON MA US","42.3606","-71.0097","3.7","2020-08-26","13.20",,"0.00","0.0",,"69","75","61","  310","  310","23.9","30.0",,,,,,,
"USW00014739","BOSTON MA US","42.3606","-71.0097","3.7","2020-08-27","6.04",,"0.18","0.0",,"64","66","60","  310","  310","15.0","17.0","    1",,,,,,
"USW00014739","BOSTON MA US","42.3606","-71.0097","3.7","2020-08-28","5.82",,"0.00","0.0",,"68","82","61","   80","  260","14.1","18.1","    1",,,,,,
"USW00014739","BOSTON MA US","42.3606","-71.0097","3.7","2020-08-29","9.62",,"0.07","0.0",,"70","76","65","  270","  280","23.0","34.0","    1",,,,,,
"USW00014739","BOSTON MA US","42.3606","-71.0097","3.7","2020-08-30","14.99",,"0.00","0.0","0.0","72","77","63","  320","  320","23.9","32.0",,,,,,,
"USW00014739","BOSTON MA US","42.3606","-71.0097","3.7","2020-08-31","8.50",,"0.00","0.0",,"65","71","58","  110","  130","18.1","23.0",,,,,,,
"USW00014739","BOSTON MA US","42.3606","-71.0097","3.7","2020-09-01","10.96",,"0.00","0.0",,"66","72","59","  110","  100","23.0","28.0",,,,,,,
"USW00014739","BOSTON MA US","42.3606","-71.0097","3.7","2020-09-02","7.38",,"0.20","0.0",,"65","71","62","  150","  150","16.1","19.0","    1",,,,,,
"USW00014739","BOSTON MA US","42.3606","-71.0097","3.7","2020-09-03","5.82",,"0.01","0.0",,"71","77","66","   30","  220","14.1","18.1","    1",,,,,,
"USW00014739","BOSTON MA US","42.3606","-71.0097","3.7","2020-09-04","10.29",,"0.00","0.0",,"74","85","68","  270","  250","18.1","23.0",,,,,,,
"USW00014739","BOSTON MA US","42.3606","-71.0097","3.7","2020-09-05","9.62",,"0.00","0.0",,"70","78","61","  250","  290","18.1","28.0",,,,,,,
"USW00014739","BOSTON MA US","42.3606","-71.0097","3.7","2020-09-06","6.49",,"0.00","0.0",,"69","78","63","  250","  250","16.1","21.0",,,,,,,
"USW00014739","BOSTON MA US","42.3606","-71.0097","3.7","2020-09-07","10.74",,"0.00","0.0",,"70","81","63","  180","  170","19.9","23.9",,,,,,,
"USW00014739","BOSTON MA US","42.3606","-71.0097","3.7","2020-09-08","8.95",,"0.00","0.0",,"69","79","61","  110","  110","18.1","21.9","    1",,,,,,
"USW00014739","BOSTON MA US","42.3606","-71.0097","3.7","2020-09-09","5.82",,"0.00","0.0",,"69","77","63","  110","  100","13.0","15.0","    1",,,,,,
"USW00014739","BOSTON MA US","42.3606","-71.0097","3.7","2020-09-10","7.16",,"0.25","0.0",,"74","82","68","  220","  220","16.1","19.0","    1",,,,,,
"USW00014739","BOSTON MA US","42.3606","-71.0097","3.7","2020-09-11","9.62",,"0.00","0.0",,"67","74","57","   40","   30","18.1","21.9","    1",,,,,,"    1"
"USW00014739","BOSTON MA US","42.3606","-71.0097","3.7","2020-09-12","9.62",,"0.00","0.0",,"60","67","53","   80","   90","15.0","19.0",,,,,,,
"USW00014739","BOSTON MA US","42.3606","-71.0097","3.7","2020-09-13","8.72",,"0.00","0.0",,"63","75","55","  210","  210","19.9","25.1",,,,,,,
"USW00014739","BOSTON MA US","42.3606","-71.0097","3.7","2020-09-14","13.42",,"0.00","0.0",,"70","77","54","  340","  340","23.0","31.1",,,,,,,
"USW00014739","BOSTON MA US","42.3606","-71.0097","3.7","2020-09-15","8.28",,"0.00","0.0",,"56","61","49","  190","  340","13.0","16.1",,,,,,,
"USW00014739","BOSTON MA US","42.3606","-71.0097","3.7","2020-09-16","14.09",,"0.00","0.0",,"61","73","51","  220","  210","23.9","29.1",,,,,,,
"USW00014739","BOSTON MA US","42.3606","-71.0097","3.7","2020-09-17","10.51",,"0.00","0.0",,"67","78","58","  250","  240","18.1","23.0",,,,,,,
"USW00014739","BOSTON MA US","42.3606","-71.0097","3.7","2020-09-18","13.42",,"0.00","0.0",,"62","66","51","  340","  340","21.0","27.1",,,,,,,
"USW00014739","BOSTON MA US","42.3606","-71.0097","3.7","2020-09-19","10.51",,"0.00","0.0",,"54","60","46","   10","   20","17.0","23.9",,,,,,,
"USW00014739","BOSTON MA US","42.3606","-71.0097","3.7","2020-09-20","10.96",,"0.00","0.0",,"52","60","44","   60","   30","19.9","23.9",,,,,,,
"USW00014739","BOSTON MA US","42.3606","-71.0097","3.7","2020-09-21","10.51",,"0.00","0.0",,"53","61","45","   40","   50","18.1","23.9",,,,,,,
"USW00014739","BOSTON MA US","42.3606","-71.0097","3.7","2020-09-22","13.65",,"0.00","0.0",,"54","66","45","  320","  320","21.9","30.0",,,,,,,
"USW00014739","BOSTON MA US","42.3606","-71.0097","3.7","2020-09-23","11.63",,"0.00","0.0",,"65","80","55","  320","  320","21.9","31.1",,,,,,,
"USW00014739","BOSTON MA US","42.3606","-71.0097","3.7","2020-09-24","8.05",,"0.00","0.0",,"69","79","61","  250","  230","14.1","19.0",,,,,,,
"USW00014739","BOSTON MA US","42.3606","-71.0097","3.7","2020-09-25","6.04",,"0.00","0.0","0.0","65","72","58","  100","   90","15.0","17.0","    1","    1",,,,,
"USW00014739","BOSTON MA US","42.3606","-71.0097","3.7","2020-09-26","7.61",,"0.00","0.0",,"63","75","58","  210","  200","14.1","19.0","    1",,,,,,
"USW00014739","BOSTON MA US","42.3606","-71.0097","3.7","2020-09-27","7.16",,"0.00","0.0",,"69","77","63","  190","  190","16.1","21.0","    1",,,,,,
"USW00014739","BOSTON MA US","42.3606","-71.0097","3.7","2020-09-28","8.95",,"0.05","0.0",,"70","81","63","  160","  200","18.1","21.9","    1",,,,,,
"USW00014739","BOSTON MA US","42.3606","-71.0097","3.7","2020-09-29","8.05",,"0.00","0.0",,"68","79","62","  190","  200","17.0","21.0",,,,,,,
"USW00014739","BOSTON MA US","42.3606","-71.0097","3.7","2020-09-30","18.34",,"0.46","0.0",,"71","74","58","  200","  180","44.1","57.0","    1",,,,,,"    1"
"USW00014739","BOSTON MA US","42.3606","-71.0097","3.7","2020-10-01","11.41",,"0.00","0.0",,"65","76","58","  200","  200","21.0","23.9",,,,,,,
"USW00014739","BOSTON MA US","42.3606","-71.0097","3.7","2020-10-02","7.38",,"0.02","0.0",,"61","65","53","  320","  320","16.1","21.0",,,,,,,
"USW00014739","BOSTON MA US","42.3606","-71.0097","3.7","2020-10-03","7.83",,"0.00",,,"56","64","49","  120","  110","17.0","19.9",,,,,,,
"USW00014739","BOSTON MA US","42.3606","-71.0097","3.7","2020-10-04","8.05",,"0.00",,,"56","63","49","  110","  110","15.0","18.1",,,,,,,
"USW00014739","BOSTON MA US","42.3606","-71.0097","3.7","2020-10-05","8.50",,"0.00","0.0",,"57","63","52","   40","   40","14.1","18.1",,,,,,,
"USW00014739","BOSTON MA US","42.3606","-71.0097","3.7","2020-10-06","9.62",,"0.00","0.0",,"58","70","50","  200","  200","19.9","23.9",,,,,,,
"USW00014739","BOSTON MA US","42.3606","-71.0097","3.7","2020-10-07","17.00"," 1700","0.02","0.0",,"62","75","55","  270","  270","44.1","65.1",,,"    1",,,,"    1"
"USW00014739","BOSTON MA US","42.3606","-71.0097","3.7","2020-10-08","15.43",,"0.00","0.0",,"57","63","48","  290","  310","21.0","33.1",,,,,,,
"USW00014739","BOSTON MA US","42.3606","-71.0097","3.7","2020-10-09","10.74",,"0.00","0.0",,"51","60","42","  260","  330","17.0","23.9",,,,,,,
"USW00014739","BOSTON MA US","42.3606","-71.0097","3.7","2020-10-10","19.46",,"0.00","0.0",,"63","78","54","  220","  210","31.1","36.9",,,,,,,
"USW00014739","BOSTON MA US","42.3606","-71.0097","3.7","2020-10-11","12.30",,"0.00","0.0",,"60","67","51","  340","  310","21.9","28.0",,,,,,,
"USW00014739","BOSTON MA US","42.3606","-71.0097","3.7","2020-10-12","16.11",,"0.00","0.0",,"52","54","50","   90","   90","19.9","23.9",,,,,,,
"USW00014739","BOSTON MA US","42.3606","-71.0097","3.7","2020-10-13","14.76",,"1.50","0.0",,"55","58","51","   60","   80","21.0","25.1","    1",,,,,,
"USW00014739","BOSTON MA US","42.3606","-71.0097","3.7","2020-10-14","8.72",,"0.00","0.0",,"58","70","51","  270","  270","16.1","21.0",,,,,,,
"USW00014739","BOSTON MA US","42.3606","-71.0097","3.7","2020-10-15","12.30",,"0.00","0.0",,"59","72","48","  200","  200","28.0","36.0","    1",,,,,,
"USW00014739","BOSTON MA US","42.3606","-71.0097","3.7","2020-10-16","9.40",,"0.77","0.0",,"61","71","50","  320","  300","18.1","23.0","    1",,,,,,
"USW00014739","BOSTON MA US","42.3606","-71.0097","3.7","2020-10-17","12.75",,"1.16","0.0",,"51","58","42","  300","  300","25.1","33.1","    1",,,,,,
"USW00014739","BOSTON MA US","42.3606","-71.0097","3.7","2020-10-18","6.93",,"0.00","0.0",,"49","58","40","  110","  110","17.0","21.0",,,,,,,
"USW00014739","BOSTON MA US","42.3606","-71.0097","3.7","2020-10-19","5.14",,"0.00","0.0",,"51","58","44","  110","  100","16.1","18.1",,,,,,,
"USW00014739","BOSTON MA US","42.3606","-71.0097","3.7","2020-10-20","5.82",,"0.00","0.0",,"56","67","49","  220","  230","14.1","19.9","    1","    1",,,,,
"USW00014739","BOSTON MA US","42.3606","-71.0097","3.7","2020-10-21","7.61",,"0.06","0.0",,"58","65","56","  220","  210","16.1","19.0","    1","    1",,,,,
"USW00014739","BOSTON MA US","42.3606","-71.0097","3.7","2020-10-22","7.16",,"0.00","0.0",,"62","67","54","   80","  100","14.1","17.0","    1","    1",,,,,
"USW00014739","BOSTON MA US","42.3606","-71.0097","3.7","2020-10-23","6.93",,"0.00","0.0",,"57","62","55","   80","   90","14.1","17.0","    1","    1",,,,,
"USW00014739","BOSTON MA US","42.3606","-71.0097","3.7","2020-10-24","11.41",,"0.00","0.0",,"60","70","46","  330","  320","25.1","35.1",,,,,,,
"USW00014739","BOSTON MA US","42.3606","-71.0097","3.7","2020-10-25","10.07",,"0.00",,,"47","50","43","  320","   90","15.0","19.0",,,,,,,
"USW00014739","BOSTON MA US","42.3606","-71.0097","3.7","2020-10-26","9.62",,"0.01","0.0",,"50","53","48","   90","   90","19.9","23.0","    1",,,,,,
"USW00014739","BOSTON MA US","42.3606","-71.0097","3.7","2020-10-27","8.28"," 0520","0.00","0.0",,"51","54","44","  320","  350","16.1","23.0",,,,,,,
"USW00014739","BOSTON MA US","42.3606","-71.0097","3.7","2020-10-28","6.04"," 1315","0.27","0.0",,"47","51","44","  110","  120","14.1","16.1","    1",,,,,,
